operator_id,family,semantic_property_changed,literature_provenance,preconditions,mutation_rule,witness_requirements,affected_output_columns,expected_semantic_distinction,advance_prediction,pilot_history,provenance
GC1,grain_cardinality,Output row multiplicity at the declared grain,Declared grain is the defining property of a fact table [K]; fan/chasm traps are the canonical cardinality fault [FT].,"Reference contains DISTINCT, or a GROUP BY whose keys collapse duplicates",Remove the duplicate-eliminating construct,At least one key value with >1 contributing source row,All (row set),Mutant emits more rows per declared key than the reference,survive,"yes (M01, HIGH leakage)",literature-derived (confirmatory)
GC2,grain_cardinality,Grain of a parent-level measure,Declared grain is the defining property of a fact table [K]; fan/chasm traps are the canonical cardinality fault [FT].,Reference joins a parent table to a one-to-many child,"Join parent to child without re-aggregating, so parent values repeat at child grain",A parent with >=2 children and a non-zero parent-level amount,Parent-derived measures,Parent amount counted once vs counted per child,reject,none,literature-derived (confirmatory)
GC3,grain_cardinality,Grouping grain,Declared grain is the defining property of a fact table [K]; fan/chasm traps are the canonical cardinality fault [FT].,Reference has a GROUP BY with >=2 keys,Drop one grouping key,"Two rows agreeing on the retained key, differing on the dropped one",Grouped measures and the row set,Coarser grain merges groups that must stay distinct,reject,none,literature-derived (confirmatory)
GC4,grain_cardinality,Independence of two child collections,Declared grain is the defining property of a fact table [K]; fan/chasm traps are the canonical cardinality fault [FT].,Reference relates one parent to two independent children,"Join both children in one query, producing the cross product",A parent with >=2 rows in each child,All (row set),Fan trap fabricates parent-child pairings that do not exist [FT],survive,none,literature-derived (confirmatory)
ME1,measures,Counting basis,Additivity and the correct aggregation basis are core fact-table semantics [K].,Reference uses COUNT(*) or COUNT(DISTINCT x),Exchange COUNT(*) and COUNT(DISTINCT x),A group containing a repeated value of x,The count column,Counting occurrences vs counting distinct entities,reject,"yes (M03, clean)",literature-derived (confirmatory)
ME2,measures,Ratio composition,Additivity and the correct aggregation basis are core fact-table semantics [K].,Reference computes SUM(num)/SUM(den) or AVG of a row-level ratio,Exchange ratio-of-sums and average-of-ratios,Group with unequal denominators across rows,The ratio column,Simpson-style divergence; equal only when denominators are equal,reject,none,literature-derived (confirmatory)
ME3,measures,Measure scale,Additivity and the correct aggregation basis are core fact-table semantics [K].,Reference scales a ratio to percentage points (or does not),Insert or remove the *100 scaling,>=3 non-zero rows in the affected column,The scaled column,Percentage points vs fraction,survive,"yes (M04, HIGH leakage)",literature-derived (confirmatory)
ME4,measures,Additivity across time,Additivity and the correct aggregation basis are core fact-table semantics [K].,A snapshot/balance measure exists (semi-additive [K]),SUM the snapshot across the time dimension instead of taking the period-end value,An entity with >=2 snapshots in one period,The snapshot measure,Summing a non-additive measure over time,reject,none,literature-derived (confirmatory)
PP1,population_predicates,Output population,Which entities are in scope is a semantic commitment distinct from the values computed.,Reference uses LEFT JOIN from the driving table,LEFT JOIN -> INNER JOIN,A driving-table row with no match,All (row set),Unmatched entities silently leave the population,survive,"yes (M02, HIGH leakage)",literature-derived (confirmatory)
PP2,population_predicates,Membership test,Which entities are in scope is a semantic commitment distinct from the values computed.,Reference matches a string by equality,Equality -> substring/LIKE match (Tuya LKE [T]),Two values where one is a proper substring of the other,Derived flags/counts,Over-broad membership,reject,none,literature-derived (confirmatory)
PP3,population_predicates,Null-safety of an anti-join,Which entities are in scope is a semantic commitment distinct from the values computed.,Reference excludes via NOT IN / NOT EXISTS on a nullable column,Exchange NOT EXISTS and NOT IN,A NULL in the exclusion list plus >=1 unrelated candidate row,All (row set),Three-valued logic empties the result [C],reject,none,literature-derived (confirmatory)
TM1,temporal,Time basis,"Event vs processing time, interval half-openness, and as-of joins are standard temporal-modeling commitments [K][SN].",Both an event-time and a load/ingest-time column exist,Swap event-time for load-time in filter or ordering,A late-arriving row where the two orders disagree,Time-derived columns,Business time replaced by pipeline time,reject,none,literature-derived (confirmatory)
TM2,temporal,Interval inclusivity,"Event vs processing time, interval half-openness, and as-of joins are standard temporal-modeling commitments [K][SN].",A validity or period interval is used,"[from, to) -> [from, to]",A row exactly on the boundary instant,Interval-joined columns,Boundary row attributed to the wrong period,reject,none,literature-derived (confirmatory)
TM3,temporal,As-of vs current-row attribution,"Event vs processing time, interval half-openness, and as-of joins are standard temporal-modeling commitments [K][SN].",An SCD2-style dimension with validity intervals,Effective-time join -> join on the current row,An entity with >=2 versions and a fact predating the latest,Dimension attributes,History collapsed to present [SN],reject,none,literature-derived (confirmatory)
TM4,temporal,Local-date derivation,"Event vs processing time, interval half-openness, and as-of joins are standard temporal-modeling commitments [K][SN].",A UTC timestamp plus a timezone attribute,Remove the timezone conversion before deriving the date,An event near local midnight,The derived date,Event assigned to the wrong business date,reject,none,literature-derived (confirmatory)
AB1,absence,Absence encoding (null vs zero),NULL denotes unknown/inapplicable and is not zero or a sentinel; aggregates ignore NULLs [C].,"A COALESCE(x,0) or an outer-join-produced NULL exists",Insert or remove the COALESCE,"An entity with no related rows, and separately a genuine zero",The affected measure,'No data' conflated with 'measured zero',survive,"yes (M07/M08, HIGH leakage)",literature-derived (confirmatory)
AB2,absence,Absence encoding (null vs sentinel),NULL denotes unknown/inapplicable and is not zero or a sentinel; aggregates ignore NULLs [C].,A nullable output column exists,NULL -> a sentinel string such as 'N/A',At least one absent value,The affected column,Absence becomes an in-domain value,reject,none,literature-derived (confirmatory)
AB3,absence,Aggregate denominator under NULLs,NULL denotes unknown/inapplicable and is not zero or a sentinel; aggregates ignore NULLs [C].,An AVG or ratio over a nullable column,Include NULLs as zeros in the denominator (or exclude them),A group mixing NULLs and real values,The aggregate,Mean over recorded values vs over all rows [C],reject,none,literature-derived (confirmatory)
RV1,representative_value,Tie retention,Superlative and 'representative row' specifications are underdetermined under ties; tie policy is a semantic commitment.,A ranking window function is used,RANK -> ROW_NUMBER (or DENSE_RANK),An exact tie on the full ordering key,Selected representative row and the row set,All tied rows kept vs one arbitrarily chosen,survive,"yes (M09, MEDIUM leakage)",literature-derived (confirmatory)
RV2,representative_value,Tie-break direction,Superlative and 'representative row' specifications are underdetermined under ties; tie policy is a semantic commitment.,An ordering with an explicit tie-break column,Reverse the tie-break direction,A tie on the primary key with differing tie-break values,The representative value,A different row represents the group,reject,"yes (M06, clean)",literature-derived (confirmatory)
RV3,representative_value,Superlative under ties,Superlative and 'representative row' specifications are underdetermined under ties; tie policy is a semantic commitment.,A superlative is computed,Tie-aware selection -> ORDER BY ... LIMIT 1,Two entities tied at the extremum,The superlative column,Nondeterministic pick vs specified policy,reject,none,literature-derived (confirmatory)
RV4,representative_value,Central-tendency statistic,Superlative and 'representative row' specifications are underdetermined under ties; tie policy is a semantic commitment.,A 'most common' / modal value is specified,MODE -> MAX (or MIN),A group whose modal value is not its maximum,The representative column,Most frequent vs largest,reject,none,literature-derived (confirmatory)
