model_id,arm,operator_id,mutation_family,witness_id,applicable,admissible,reference_output_hash,mutant_output_hash,evaluator_version,evaluator_verdict,matched_control_id,control_verdict,pk_alignment_regime,root_cause_category
shipping.drivers,A,GC1,grain_cardinality,witness_w1,applicable,admissible,4666752cf2e02ed7,af49fc17583ab34f,default,rejected,CTL-SDL,rejected,inferred_key,
shipping.drivers,A,GC1,grain_cardinality,witness_w1,applicable,admissible,4666752cf2e02ed7,af49fc17583ab34f,verified,SURVIVED,CTL-SDL,rejected,inferred_key,
shipping.drivers,A,ME1,measures,witness_w1,applicable,admissible,4666752cf2e02ed7,a98dbb79f25f1cd2,default,rejected,CTL-AOR,rejected,inferred_key,
shipping.drivers,A,ME1,measures,witness_w1,applicable,admissible,4666752cf2e02ed7,a98dbb79f25f1cd2,verified,rejected,CTL-AOR,rejected,inferred_key,
shipping.drivers,A,ME3,measures,witness_w1,applicable,admissible,4666752cf2e02ed7,83632c03aee10af7,default,rejected,CTL-AOR,rejected,inferred_key,
shipping.drivers,A,ME3,measures,witness_w1,applicable,admissible,4666752cf2e02ed7,83632c03aee10af7,verified,SURVIVED,CTL-AOR,rejected,inferred_key,
shipping.drivers,A,PP1,population_predicates,witness_w1,applicable,admissible,4666752cf2e02ed7,de373cd85a155212,default,rejected,CTL-IR,rejected,inferred_key,
shipping.drivers,A,PP1,population_predicates,witness_w1,applicable,admissible,4666752cf2e02ed7,de373cd85a155212,verified,SURVIVED,CTL-IR,SURVIVED,inferred_key,
shipping.drivers,A,PP2,population_predicates,witness_w1,applicable,INADMISSIBLE:equivalent,4666752cf2e02ed7,4666752cf2e02ed7,-,,,,,
shipping.drivers,A,AB1,absence,witness_w1,applicable,admissible,4666752cf2e02ed7,411948408dbbb7f1,default,rejected,CTL-IR,rejected,inferred_key,
shipping.drivers,A,AB1,absence,witness_w1,applicable,admissible,4666752cf2e02ed7,411948408dbbb7f1,verified,SURVIVED,CTL-IR,rejected,inferred_key,
shipping.drivers,A,AB2,absence,witness_w1,applicable,admissible,4666752cf2e02ed7,c3e40aa112c798b4,default,SURVIVED,CTL-IR,rejected,inferred_key,
shipping.drivers,A,AB2,absence,witness_w1,applicable,admissible,4666752cf2e02ed7,c3e40aa112c798b4,verified,SURVIVED,CTL-IR,rejected,inferred_key,
shipping.drivers,A,RV1,representative_value,witness_w1,applicable,admissible,4666752cf2e02ed7,b8f96b19f959994a,default,rejected,CTL-IR,rejected,inferred_key,
shipping.drivers,A,RV1,representative_value,witness_w1,applicable,admissible,4666752cf2e02ed7,b8f96b19f959994a,verified,SURVIVED,CTL-IR,rejected,inferred_key,
shipping.drivers,A,RV2,representative_value,witness_w1,applicable,admissible,4666752cf2e02ed7,a56f4489f6e021d3,default,rejected,CTL-IR,rejected,inferred_key,
shipping.drivers,A,RV2,representative_value,witness_w1,applicable,admissible,4666752cf2e02ed7,a56f4489f6e021d3,verified,rejected,CTL-IR,rejected,inferred_key,
shipping.drivers,A,TM2,temporal,witness_w1,applicable,admissible,4666752cf2e02ed7,58eecbc97ec4a44e,default,rejected,CTL-CRP,rejected,inferred_key,
shipping.drivers,A,TM2,temporal,witness_w1,applicable,admissible,4666752cf2e02ed7,58eecbc97ec4a44e,verified,rejected,CTL-CRP,rejected,inferred_key,
