model_id,arm,operator_id,mutation_family,witness_id,applicable,admissible,reference_output_hash,mutant_output_hash,evaluator_version,evaluator_verdict,matched_control_id,control_verdict
shipping.drivers,A,GC2,,witness_w1,NOT_APPLICABLE,,4666752cf2e02ed7,,-,,,
shipping.drivers,A,GC3,,witness_w1,NOT_APPLICABLE,,4666752cf2e02ed7,,-,,,
shipping.drivers,A,GC4,,witness_w1,NOT_APPLICABLE,,4666752cf2e02ed7,,-,,,
shipping.drivers,A,ME2,,witness_w1,NOT_APPLICABLE,,4666752cf2e02ed7,,-,,,
shipping.drivers,A,ME4,,witness_w1,NOT_APPLICABLE,,4666752cf2e02ed7,,-,,,
shipping.drivers,A,PP3,,witness_w1,NOT_APPLICABLE,,4666752cf2e02ed7,,-,,,
shipping.drivers,A,TM1,,witness_w1,NOT_APPLICABLE,,4666752cf2e02ed7,,-,,,
shipping.drivers,A,TM3,,witness_w1,NOT_APPLICABLE,,4666752cf2e02ed7,,-,,,
shipping.drivers,A,TM4,,witness_w1,NOT_APPLICABLE,,4666752cf2e02ed7,,-,,,
shipping.drivers,A,AB2,,witness_w1,NOT_APPLICABLE,,4666752cf2e02ed7,,-,,,
shipping.drivers,A,AB3,,witness_w1,NOT_APPLICABLE,,4666752cf2e02ed7,,-,,,
shipping.drivers,A,RV3,,witness_w1,NOT_APPLICABLE,,4666752cf2e02ed7,,-,,,
shipping.drivers,A,RV4,,witness_w1,NOT_APPLICABLE,,4666752cf2e02ed7,,-,,,
shipping.drivers,A,GC1,grain_cardinality,witness_w1,applicable,admissible,4666752cf2e02ed7,af49fc17583ab34f,default,rejected,CTL-SDL,rejected
shipping.drivers,A,GC1,grain_cardinality,witness_w1,applicable,admissible,4666752cf2e02ed7,af49fc17583ab34f,verified,SURVIVED,CTL-SDL,rejected
shipping.drivers,A,ME1,measures,witness_w1,applicable,admissible,4666752cf2e02ed7,a98dbb79f25f1cd2,default,rejected,CTL-AOR,rejected
shipping.drivers,A,ME1,measures,witness_w1,applicable,admissible,4666752cf2e02ed7,a98dbb79f25f1cd2,verified,rejected,CTL-AOR,rejected
shipping.drivers,A,ME3,measures,witness_w1,applicable,admissible,4666752cf2e02ed7,83632c03aee10af7,default,rejected,CTL-AOR,rejected
shipping.drivers,A,ME3,measures,witness_w1,applicable,admissible,4666752cf2e02ed7,83632c03aee10af7,verified,SURVIVED,CTL-AOR,rejected
shipping.drivers,A,PP1,population_predicates,witness_w1,applicable,admissible,4666752cf2e02ed7,de373cd85a155212,default,rejected,CTL-IR,rejected
shipping.drivers,A,PP1,population_predicates,witness_w1,applicable,admissible,4666752cf2e02ed7,de373cd85a155212,verified,SURVIVED,CTL-IR,SURVIVED
shipping.drivers,A,PP2,population_predicates,witness_w1,applicable,INADMISSIBLE:equivalent_on_witness,4666752cf2e02ed7,4666752cf2e02ed7,-,,CTL-IR,
shipping.drivers,A,AB1,absence,witness_w1,applicable,admissible,4666752cf2e02ed7,411948408dbbb7f1,default,rejected,CTL-IR,rejected
shipping.drivers,A,AB1,absence,witness_w1,applicable,admissible,4666752cf2e02ed7,411948408dbbb7f1,verified,SURVIVED,CTL-IR,rejected
shipping.drivers,A,RV1,representative_value,witness_w1,applicable,admissible,4666752cf2e02ed7,b8f96b19f959994a,default,rejected,CTL-IR,rejected
shipping.drivers,A,RV1,representative_value,witness_w1,applicable,admissible,4666752cf2e02ed7,b8f96b19f959994a,verified,SURVIVED,CTL-IR,rejected
shipping.drivers,A,RV2,representative_value,witness_w1,applicable,admissible,4666752cf2e02ed7,a56f4489f6e021d3,default,rejected,CTL-IR,rejected
shipping.drivers,A,RV2,representative_value,witness_w1,applicable,admissible,4666752cf2e02ed7,a56f4489f6e021d3,verified,rejected,CTL-IR,rejected
shipping.drivers,A,TM2,temporal,witness_w1,applicable,admissible,4666752cf2e02ed7,58eecbc97ec4a44e,default,rejected,CTL-CRP,rejected
shipping.drivers,A,TM2,temporal,witness_w1,applicable,admissible,4666752cf2e02ed7,58eecbc97ec4a44e,verified,rejected,CTL-CRP,rejected
retails.customers,A,GC2,,witness_retails,NOT_APPLICABLE,,f662ab8f9870f43e,,-,,,
retails.customers,A,GC3,,witness_retails,NOT_APPLICABLE,,f662ab8f9870f43e,,-,,,
retails.customers,A,GC4,,witness_retails,NOT_APPLICABLE,,f662ab8f9870f43e,,-,,,
retails.customers,A,ME2,,witness_retails,NOT_APPLICABLE,,f662ab8f9870f43e,,-,,,
retails.customers,A,ME3,,witness_retails,NOT_APPLICABLE,,f662ab8f9870f43e,,-,,,
retails.customers,A,ME4,,witness_retails,NOT_APPLICABLE,,f662ab8f9870f43e,,-,,,
retails.customers,A,PP3,,witness_retails,NOT_APPLICABLE,,f662ab8f9870f43e,,-,,,
retails.customers,A,TM1,,witness_retails,NOT_APPLICABLE,,f662ab8f9870f43e,,-,,,
retails.customers,A,TM2,,witness_retails,NOT_APPLICABLE,,f662ab8f9870f43e,,-,,,
retails.customers,A,TM3,,witness_retails,NOT_APPLICABLE,,f662ab8f9870f43e,,-,,,
retails.customers,A,TM4,,witness_retails,NOT_APPLICABLE,,f662ab8f9870f43e,,-,,,
retails.customers,A,AB3,,witness_retails,NOT_APPLICABLE,,f662ab8f9870f43e,,-,,,
retails.customers,A,RV3,,witness_retails,NOT_APPLICABLE,,f662ab8f9870f43e,,-,,,
retails.customers,A,RV4,,witness_retails,NOT_APPLICABLE,,f662ab8f9870f43e,,-,,,
retails.customers,A,GC1,grain_cardinality,witness_retails,applicable,INADMISSIBLE:equivalent_on_witness,f662ab8f9870f43e,f662ab8f9870f43e,-,,CTL-SDL,
retails.customers,A,ME1,measures,witness_retails,applicable,admissible,f662ab8f9870f43e,14ca53cec6bd8c75,default,rejected,CTL-AOR,rejected
retails.customers,A,ME1,measures,witness_retails,applicable,admissible,f662ab8f9870f43e,14ca53cec6bd8c75,verified,rejected,CTL-AOR,rejected
retails.customers,A,PP1,population_predicates,witness_retails,applicable,admissible,f662ab8f9870f43e,6321082f02e29893,default,rejected,CTL-IR,rejected
retails.customers,A,PP1,population_predicates,witness_retails,applicable,admissible,f662ab8f9870f43e,6321082f02e29893,verified,SURVIVED,CTL-IR,SURVIVED
retails.customers,A,PP2,population_predicates,witness_retails,applicable,admissible,f662ab8f9870f43e,2d878050148768f1,default,rejected,CTL-IR,rejected
retails.customers,A,PP2,population_predicates,witness_retails,applicable,admissible,f662ab8f9870f43e,2d878050148768f1,verified,rejected,CTL-IR,rejected
retails.customers,A,AB1,absence,witness_retails,applicable,admissible,f662ab8f9870f43e,7252cc2e6f874145,default,rejected,CTL-IR,rejected
retails.customers,A,AB1,absence,witness_retails,applicable,admissible,f662ab8f9870f43e,7252cc2e6f874145,verified,SURVIVED,CTL-IR,rejected
retails.customers,A,AB2,absence,witness_retails,applicable,admissible,f662ab8f9870f43e,1fa50d9f65a111f7,default,SURVIVED,CTL-IR,rejected
retails.customers,A,AB2,absence,witness_retails,applicable,admissible,f662ab8f9870f43e,1fa50d9f65a111f7,verified,SURVIVED,CTL-IR,rejected
retails.customers,A,RV1,representative_value,witness_retails,applicable,admissible,f662ab8f9870f43e,3cc95fc810d57b30,default,rejected,CTL-IR,rejected
retails.customers,A,RV1,representative_value,witness_retails,applicable,admissible,f662ab8f9870f43e,3cc95fc810d57b30,verified,SURVIVED,CTL-IR,rejected
retails.customers,A,RV2,representative_value,witness_retails,applicable,INADMISSIBLE:equivalent_on_witness,f662ab8f9870f43e,f662ab8f9870f43e,-,,CTL-IR,
retails.nations,A,GC1,,witness_retails,NOT_APPLICABLE,,6cff1f3a1f3642ba,,-,,,
retails.nations,A,GC2,,witness_retails,NOT_APPLICABLE,,6cff1f3a1f3642ba,,-,,,
retails.nations,A,GC3,,witness_retails,NOT_APPLICABLE,,6cff1f3a1f3642ba,,-,,,
retails.nations,A,GC4,,witness_retails,NOT_APPLICABLE,,6cff1f3a1f3642ba,,-,,,
retails.nations,A,ME2,,witness_retails,NOT_APPLICABLE,,6cff1f3a1f3642ba,,-,,,
retails.nations,A,ME4,,witness_retails,NOT_APPLICABLE,,6cff1f3a1f3642ba,,-,,,
retails.nations,A,PP2,,witness_retails,NOT_APPLICABLE,,6cff1f3a1f3642ba,,-,,,
retails.nations,A,PP3,,witness_retails,NOT_APPLICABLE,,6cff1f3a1f3642ba,,-,,,
retails.nations,A,TM1,,witness_retails,NOT_APPLICABLE,,6cff1f3a1f3642ba,,-,,,
retails.nations,A,TM2,,witness_retails,NOT_APPLICABLE,,6cff1f3a1f3642ba,,-,,,
retails.nations,A,TM3,,witness_retails,NOT_APPLICABLE,,6cff1f3a1f3642ba,,-,,,
retails.nations,A,TM4,,witness_retails,NOT_APPLICABLE,,6cff1f3a1f3642ba,,-,,,
retails.nations,A,AB3,,witness_retails,NOT_APPLICABLE,,6cff1f3a1f3642ba,,-,,,
retails.nations,A,RV1,,witness_retails,NOT_APPLICABLE,,6cff1f3a1f3642ba,,-,,,
retails.nations,A,RV2,,witness_retails,NOT_APPLICABLE,,6cff1f3a1f3642ba,,-,,,
retails.nations,A,RV3,,witness_retails,NOT_APPLICABLE,,6cff1f3a1f3642ba,,-,,,
retails.nations,A,RV4,,witness_retails,NOT_APPLICABLE,,6cff1f3a1f3642ba,,-,,,
retails.nations,A,ME1,measures,witness_retails,applicable,INADMISSIBLE:equivalent_on_witness,6cff1f3a1f3642ba,6cff1f3a1f3642ba,-,,CTL-AOR,
retails.nations,A,ME3,measures,witness_retails,applicable,admissible,6cff1f3a1f3642ba,778f14b99dfa8c39,default,rejected,CTL-AOR,rejected
retails.nations,A,ME3,measures,witness_retails,applicable,admissible,6cff1f3a1f3642ba,778f14b99dfa8c39,verified,rejected,CTL-AOR,rejected
retails.nations,A,PP1,population_predicates,witness_retails,applicable,admissible,6cff1f3a1f3642ba,f73011f48cb94772,default,rejected,CTL-IR,rejected
retails.nations,A,PP1,population_predicates,witness_retails,applicable,admissible,6cff1f3a1f3642ba,f73011f48cb94772,verified,SURVIVED,CTL-IR,SURVIVED
retails.nations,A,AB1,absence,witness_retails,applicable,admissible,6cff1f3a1f3642ba,1f11d9922b7f6511,default,rejected,CTL-IR,rejected
retails.nations,A,AB1,absence,witness_retails,applicable,admissible,6cff1f3a1f3642ba,1f11d9922b7f6511,verified,SURVIVED,CTL-IR,rejected
retails.nations,A,AB2,absence,witness_retails,applicable,admissible,6cff1f3a1f3642ba,438521e6f15177ad,default,SURVIVED,CTL-IR,rejected
retails.nations,A,AB2,absence,witness_retails,applicable,admissible,6cff1f3a1f3642ba,438521e6f15177ad,verified,SURVIVED,CTL-IR,rejected
