session_id,case_id,classification
codex_run_1,case_001,DIFFERENT_MEANING
codex_run_1,case_002,DIFFERENT_MEANING
codex_run_1,case_003,DIFFERENT_MEANING
codex_run_1,case_004,INSUFFICIENT_INFORMATION
codex_run_1,case_005,DIFFERENT_MEANING
codex_run_1,case_006,INSUFFICIENT_INFORMATION
codex_run_1,case_007,DIFFERENT_MEANING
codex_run_1,case_008,INSUFFICIENT_INFORMATION
codex_run_1,case_009,DIFFERENT_MEANING
codex_run_1,case_010,DIFFERENT_MEANING
codex_run_1,case_011,DIFFERENT_MEANING
codex_run_1,case_012,INSUFFICIENT_INFORMATION
codex_run_1,case_013,DIFFERENT_MEANING
codex_run_1,case_014,DIFFERENT_MEANING
codex_run_1,case_015,INSUFFICIENT_INFORMATION
codex_run_1,case_016,DIFFERENT_MEANING
codex_run_1,case_017,INSUFFICIENT_INFORMATION
codex_run_1,case_018,DIFFERENT_MEANING
codex_run_1,case_019,DIFFERENT_MEANING
codex_run_1,case_020,DIFFERENT_MEANING
codex_run_1,case_021,DIFFERENT_MEANING
codex_run_1,case_022,DIFFERENT_MEANING
codex_run_1,case_023,DIFFERENT_MEANING
codex_run_1,case_024,DIFFERENT_MEANING
codex_run_1,case_025,DIFFERENT_MEANING
codex_run_1,case_026,DIFFERENT_MEANING
codex_run_1,case_027,DIFFERENT_MEANING
codex_run_1,case_028,DIFFERENT_MEANING
codex_run_1,case_029,DIFFERENT_MEANING
codex_run_1,case_030,DIFFERENT_MEANING
codex_run_1,case_031,DIFFERENT_MEANING
codex_run_1,case_032,DIFFERENT_MEANING
codex_run_1,case_033,INSUFFICIENT_INFORMATION
codex_run_1,case_034,DIFFERENT_MEANING
codex_run_2,case_001,DIFFERENT_MEANING
codex_run_2,case_002,DIFFERENT_MEANING
codex_run_2,case_003,DIFFERENT_MEANING
codex_run_2,case_004,INSUFFICIENT_INFORMATION
codex_run_2,case_005,INSUFFICIENT_INFORMATION
codex_run_2,case_006,INSUFFICIENT_INFORMATION
codex_run_2,case_007,DIFFERENT_MEANING
codex_run_2,case_008,INSUFFICIENT_INFORMATION
codex_run_2,case_009,DIFFERENT_MEANING
codex_run_2,case_010,DIFFERENT_MEANING
codex_run_2,case_011,INSUFFICIENT_INFORMATION
codex_run_2,case_012,INSUFFICIENT_INFORMATION
codex_run_2,case_013,DIFFERENT_MEANING
codex_run_2,case_014,DIFFERENT_MEANING
codex_run_2,case_015,INSUFFICIENT_INFORMATION
codex_run_2,case_016,DIFFERENT_MEANING
codex_run_2,case_017,INSUFFICIENT_INFORMATION
codex_run_2,case_018,DIFFERENT_MEANING
codex_run_2,case_019,DIFFERENT_MEANING
codex_run_2,case_020,DIFFERENT_MEANING
codex_run_2,case_021,DIFFERENT_MEANING
codex_run_2,case_022,DIFFERENT_MEANING
codex_run_2,case_023,DIFFERENT_MEANING
codex_run_2,case_024,DIFFERENT_MEANING
codex_run_2,case_025,DIFFERENT_MEANING
codex_run_2,case_026,DIFFERENT_MEANING
codex_run_2,case_027,DIFFERENT_MEANING
codex_run_2,case_028,DIFFERENT_MEANING
codex_run_2,case_029,DIFFERENT_MEANING
codex_run_2,case_030,DIFFERENT_MEANING
codex_run_2,case_031,DIFFERENT_MEANING
codex_run_2,case_032,DIFFERENT_MEANING
codex_run_2,case_033,INSUFFICIENT_INFORMATION
codex_run_2,case_034,DIFFERENT_MEANING
codex_run_3,case_001,DIFFERENT_MEANING
codex_run_3,case_002,DIFFERENT_MEANING
codex_run_3,case_003,DIFFERENT_MEANING
codex_run_3,case_004,DIFFERENT_MEANING
codex_run_3,case_005,DIFFERENT_MEANING
codex_run_3,case_006,INSUFFICIENT_INFORMATION
codex_run_3,case_007,DIFFERENT_MEANING
codex_run_3,case_008,DIFFERENT_MEANING
codex_run_3,case_009,DIFFERENT_MEANING
codex_run_3,case_010,DIFFERENT_MEANING
codex_run_3,case_011,DIFFERENT_MEANING
codex_run_3,case_012,INSUFFICIENT_INFORMATION
codex_run_3,case_013,DIFFERENT_MEANING
codex_run_3,case_014,DIFFERENT_MEANING
codex_run_3,case_015,INSUFFICIENT_INFORMATION
codex_run_3,case_016,DIFFERENT_MEANING
codex_run_3,case_017,INSUFFICIENT_INFORMATION
codex_run_3,case_018,DIFFERENT_MEANING
codex_run_3,case_019,DIFFERENT_MEANING
codex_run_3,case_020,DIFFERENT_MEANING
codex_run_3,case_021,DIFFERENT_MEANING
codex_run_3,case_022,DIFFERENT_MEANING
codex_run_3,case_023,DIFFERENT_MEANING
codex_run_3,case_024,DIFFERENT_MEANING
codex_run_3,case_025,DIFFERENT_MEANING
codex_run_3,case_026,DIFFERENT_MEANING
codex_run_3,case_027,DIFFERENT_MEANING
codex_run_3,case_028,DIFFERENT_MEANING
codex_run_3,case_029,DIFFERENT_MEANING
codex_run_3,case_030,DIFFERENT_MEANING
codex_run_3,case_031,DIFFERENT_MEANING
codex_run_3,case_032,DIFFERENT_MEANING
codex_run_3,case_033,INSUFFICIENT_INFORMATION
codex_run_3,case_034,DIFFERENT_MEANING
