model_id,operator_id,column,evaluator_version,semantic_verdict,indist_control_verdict
airline.airline__airports,AB1,HIGHEST_DELAY_IN_MINUTES_DUE_TO_SECURITY,default,rejected,rejected
airline.airline__airports,AB1,HIGHEST_DELAY_IN_MINUTES_DUE_TO_SECURITY,verified,SURVIVED,rejected
airline.airline__airports,AB1R,HIGHEST_DELAY_IN_MINUTES_DUE_TO_SECURITY,default,rejected,rejected
airline.airline__airports,AB1R,HIGHEST_DELAY_IN_MINUTES_DUE_TO_SECURITY,verified,SURVIVED,rejected
app_store.apps,AB1,AVG_SENTIMENT_SUBJECTIVITY_SCORE,default,rejected,rejected
app_store.apps,AB1,AVG_SENTIMENT_SUBJECTIVITY_SCORE,verified,SURVIVED,rejected
app_store.apps,AB1R,AVG_SENTIMENT_SUBJECTIVITY_SCORE,default,rejected,rejected
app_store.apps,AB1R,AVG_SENTIMENT_SUBJECTIVITY_SCORE,verified,SURVIVED,rejected
app_store.apps,ME3,AVG_SENTIMENT_SUBJECTIVITY_SCORE,default,rejected,rejected
app_store.apps,ME3,AVG_SENTIMENT_SUBJECTIVITY_SCORE,verified,SURVIVED,rejected
book_publishing_company.book_titles,AB1,ORDERED_QUANTITY_1992,default,rejected,rejected
book_publishing_company.book_titles,AB1,ORDERED_QUANTITY_1992,verified,SURVIVED,rejected
book_publishing_company.book_titles,AB1R,ORDERED_QUANTITY_1992,default,rejected,rejected
book_publishing_company.book_titles,AB1R,ORDERED_QUANTITY_1992,verified,SURVIVED,rejected
books.customers,AB1,PER_BOOKS_OVER_13,default,rejected,rejected
books.customers,AB1,PER_BOOKS_OVER_13,verified,SURVIVED,rejected
books.customers,AB1R,PER_BOOKS_OVER_13,default,rejected,rejected
books.customers,AB1R,PER_BOOKS_OVER_13,verified,SURVIVED,rejected
california_schools.ca__schools,AB1,SAT_EXCELLENCE_RATE,default,rejected,rejected
california_schools.ca__schools,AB1,SAT_EXCELLENCE_RATE,verified,SURVIVED,rejected
california_schools.ca__schools,AB1R,SAT_EXCELLENCE_RATE,default,rejected,rejected
california_schools.ca__schools,AB1R,SAT_EXCELLENCE_RATE,verified,SURVIVED,rejected
california_schools.ca__schools,ME3,PERCENT_ELIGIBLE_FREE_MEALS_FOR_GRADES_1_THROUGH_12,default,rejected,rejected
california_schools.ca__schools,ME3,PERCENT_ELIGIBLE_FREE_MEALS_FOR_GRADES_1_THROUGH_12,verified,SURVIVED,rejected
codebase_community.codebase_community__posts,AB1,AVG_SCORE_OF_COMMENTS,default,rejected,rejected
codebase_community.codebase_community__posts,AB1,AVG_SCORE_OF_COMMENTS,verified,SURVIVED,rejected
codebase_community.codebase_community__posts,AB1R,AVG_SCORE_OF_COMMENTS,default,rejected,rejected
codebase_community.codebase_community__posts,AB1R,AVG_SCORE_OF_COMMENTS,verified,SURVIVED,rejected
cookbook.recipes,AB1,PREP_MIN,default,rejected,rejected
cookbook.recipes,AB1,PREP_MIN,verified,SURVIVED,rejected
cookbook.recipes,AB1R,PREP_MIN,default,rejected,rejected
cookbook.recipes,AB1R,PREP_MIN,verified,SURVIVED,rejected
food_inspection.restaurants,ME3,VIOLATION_PER_INSPECTION,default,rejected,rejected
food_inspection.restaurants,ME3,VIOLATION_PER_INSPECTION,verified,SURVIVED,rejected
food_inspection_2.businesses,ME3,PER_FAILED_INSPECTIONS,default,rejected,rejected
food_inspection_2.businesses,ME3,PER_FAILED_INSPECTIONS,verified,SURVIVED,rejected
food_inspection_2.employees,ME3,INSPECTION_PASS_RATE,default,rejected,rejected
food_inspection_2.employees,ME3,INSPECTION_PASS_RATE,verified,SURVIVED,rejected
law_episode.law_episode__episode,ME3,RATIO_OF_AMERICAN_CASTS,default,rejected,rejected
law_episode.law_episode__episode,ME3,RATIO_OF_AMERICAN_CASTS,verified,SURVIVED,rejected
mailchimp.mailchimp__campaign_recipients,AB1,TIME_TO_OPEN_DAYS,default,rejected,rejected
mailchimp.mailchimp__campaign_recipients,AB1,TIME_TO_OPEN_DAYS,verified,SURVIVED,rejected
mailchimp.mailchimp__campaign_recipients,AB1R,TIME_TO_OPEN_DAYS,default,rejected,rejected
mailchimp.mailchimp__campaign_recipients,AB1R,TIME_TO_OPEN_DAYS,verified,SURVIVED,rejected
movies_4.movies4__movies,AB1,RATIO_BETWEEN_MALE_AND_FEMALE_CAST_MEMBERS,default,rejected,rejected
movies_4.movies4__movies,AB1,RATIO_BETWEEN_MALE_AND_FEMALE_CAST_MEMBERS,verified,SURVIVED,rejected
movies_4.movies4__movies,AB1R,RATIO_BETWEEN_MALE_AND_FEMALE_CAST_MEMBERS,default,rejected,rejected
movies_4.movies4__movies,AB1R,RATIO_BETWEEN_MALE_AND_FEMALE_CAST_MEMBERS,verified,SURVIVED,rejected
sales.sales__products,ME3,PER_SOLD,default,rejected,rejected
sales.sales__products,ME3,PER_SOLD,verified,SURVIVED,rejected
soccer_2016.teams,ME3,WIN_RATE,default,rejected,rejected
soccer_2016.teams,ME3,WIN_RATE,verified,SURVIVED,rejected
software_company.geo,AB1,PER_ELDERLY_CUSTOMER_NEVER_MARRIED,default,rejected,rejected
software_company.geo,AB1,PER_ELDERLY_CUSTOMER_NEVER_MARRIED,verified,SURVIVED,rejected
software_company.geo,AB1R,PER_ELDERLY_CUSTOMER_NEVER_MARRIED,default,rejected,rejected
software_company.geo,AB1R,PER_ELDERLY_CUSTOMER_NEVER_MARRIED,verified,SURVIVED,rejected
toxicology.molecules,ME3,RATIO_OF_HYDROGEN_ELEMENTS,default,rejected,rejected
toxicology.molecules,ME3,RATIO_OF_HYDROGEN_ELEMENTS,verified,SURVIVED,rejected
world_development_indicators.countries,AB1,PERCENTAGE_INCREASE_ADOLESCENT_1960_TO_1961,default,rejected,rejected
world_development_indicators.countries,AB1,PERCENTAGE_INCREASE_ADOLESCENT_1960_TO_1961,verified,SURVIVED,rejected
world_development_indicators.countries,AB1R,PERCENTAGE_INCREASE_ADOLESCENT_1960_TO_1961,default,rejected,rejected
world_development_indicators.countries,AB1R,PERCENTAGE_INCREASE_ADOLESCENT_1960_TO_1961,verified,SURVIVED,rejected
xero.xero__invoice_line_items,ME3,CURRENCY_RATE,default,rejected,rejected
xero.xero__invoice_line_items,ME3,CURRENCY_RATE,verified,SURVIVED,rejected
