model_id,operator_id,baseline,expected_mechanism,flipped_by,n_mechanisms_flipping,attribution,matches_expected
address.states,GC1,SURVIVED,dedup_normalize,NONE,0,unattributed,False
address.states,PP1,SURVIVED,alignment_rowset,alignment_rowset,1,attributed,True
airline.airline__airlines,GC1,SURVIVED,dedup_normalize,NONE,0,unattributed,False
airline.airline__airlines,PP1,SURVIVED,alignment_rowset,alignment_rowset,1,attributed,True
airline.airline__airports,GC1,SURVIVED,dedup_normalize,NONE,0,unattributed,False
airline.airline__airports,PP1,SURVIVED,alignment_rowset,alignment_rowset,1,attributed,True
airline.airline__airports,AB1,SURVIVED,null_zero_equivalence,null_zero_equivalence,1,attributed,True
airline.airline__airports,AB1R,SURVIVED,null_zero_equivalence,null_zero_equivalence,1,attributed,True
amplitude.amplitude__event_enhanced,GC1,SURVIVED,dedup_normalize,NONE,0,unattributed,False
amplitude.amplitude__event_enhanced,PP1,SURVIVED,alignment_rowset,alignment_rowset,1,attributed,True
amplitude.amplitude__sessions,GC1,SURVIVED,dedup_normalize,NONE,0,unattributed,False
amplitude.amplitude__sessions,PP1,SURVIVED,alignment_rowset,alignment_rowset,1,attributed,True
amplitude.amplitude__user_enhanced,GC1,SURVIVED,dedup_normalize,NONE,0,unattributed,False
amplitude.amplitude__user_enhanced,PP1,SURVIVED,alignment_rowset,alignment_rowset,1,attributed,True
app_store.apps,GC1,SURVIVED,dedup_normalize,NONE,0,unattributed,False
app_store.apps,PP1,SURVIVED,alignment_rowset,alignment_rowset,1,attributed,True
app_store.apps,ME3,SURVIVED,scale_normalization,scale_normalization,1,attributed,True
app_store.apps,AB1,SURVIVED,null_zero_equivalence,null_zero_equivalence,1,attributed,True
app_store.apps,AB1R,SURVIVED,null_zero_equivalence,null_zero_equivalence,1,attributed,True
apple_store.apple_store__device_report,GC1,SURVIVED,dedup_normalize,NONE,0,unattributed,False
apple_store.apple_store__device_report,PP1,SURVIVED,alignment_rowset,alignment_rowset,1,attributed,True
apple_store.apple_store__overview_report,GC1,SURVIVED,dedup_normalize,NONE,0,unattributed,False
apple_store.apple_store__overview_report,PP1,SURVIVED,alignment_rowset,alignment_rowset,1,attributed,True
apple_store.apple_store__platform_version_report,GC1,SURVIVED,dedup_normalize,NONE,0,unattributed,False
apple_store.apple_store__platform_version_report,PP1,SURVIVED,alignment_rowset,alignment_rowset,1,attributed,True
apple_store.apple_store__source_type_report,GC1,SURVIVED,dedup_normalize,NONE,0,unattributed,False
apple_store.apple_store__source_type_report,PP1,SURVIVED,alignment_rowset,alignment_rowset,1,attributed,True
asana.asana__project,GC1,SURVIVED,dedup_normalize,NONE,0,unattributed,False
asana.asana__project,PP1,SURVIVED,alignment_rowset,alignment_rowset,1,attributed,True
asana.asana__tag,GC1,SURVIVED,dedup_normalize,NONE,0,unattributed,False
asana.asana__tag,PP1,SURVIVED,alignment_rowset,alignment_rowset,1,attributed,True
asana.asana__team,GC1,SURVIVED,dedup_normalize,NONE,0,unattributed,False
asana.asana__team,PP1,SURVIVED,alignment_rowset,alignment_rowset,1,attributed,True
asana.asana__user,GC1,SURVIVED,dedup_normalize,NONE,0,unattributed,False
asana.asana__user,PP1,SURVIVED,alignment_rowset,alignment_rowset,1,attributed,True
authors.conferences,GC1,SURVIVED,dedup_normalize,NONE,0,unattributed,False
authors.conferences,PP1,SURVIVED,alignment_rowset,alignment_rowset,1,attributed,True
beer_factory.beer_factory__customers,GC1,SURVIVED,dedup_normalize,NONE,0,unattributed,False
beer_factory.beer_factory__customers,PP1,SURVIVED,alignment_rowset,alignment_rowset,1,attributed,True
beer_factory.brands,GC1,SURVIVED,dedup_normalize,NONE,0,unattributed,False
beer_factory.brands,PP1,SURVIVED,alignment_rowset,alignment_rowset,1,attributed,True
bike_share_1.stations,GC1,SURVIVED,dedup_normalize,NONE,0,unattributed,False
bike_share_1.stations,PP1,SURVIVED,alignment_rowset,alignment_rowset,1,attributed,True
book_publishing_company.book_publishers,GC1,SURVIVED,dedup_normalize,NONE,0,unattributed,False
book_publishing_company.book_publishers,PP1,SURVIVED,alignment_rowset,alignment_rowset,1,attributed,True
book_publishing_company.book_stores,GC1,SURVIVED,dedup_normalize,NONE,0,unattributed,False
book_publishing_company.book_stores,PP1,SURVIVED,alignment_rowset,alignment_rowset,1,attributed,True
book_publishing_company.book_titles,GC1,SURVIVED,dedup_normalize,NONE,0,unattributed,False
book_publishing_company.book_titles,PP1,SURVIVED,alignment_rowset,alignment_rowset,1,attributed,True
book_publishing_company.book_titles,AB1,SURVIVED,null_zero_equivalence,null_zero_equivalence,1,attributed,True
book_publishing_company.book_titles,AB1R,SURVIVED,null_zero_equivalence,null_zero_equivalence,1,attributed,True
books.authors,GC1,SURVIVED,dedup_normalize,NONE,0,unattributed,False
books.authors,PP1,SURVIVED,alignment_rowset,alignment_rowset,1,attributed,True
books.customers,GC1,SURVIVED,dedup_normalize,NONE,0,unattributed,False
books.customers,PP1,SURVIVED,alignment_rowset,alignment_rowset,1,attributed,True
books.customers,AB1,SURVIVED,null_zero_equivalence,null_zero_equivalence,1,attributed,True
books.customers,AB1R,SURVIVED,null_zero_equivalence,null_zero_equivalence,1,attributed,True
books.publishers,GC1,SURVIVED,dedup_normalize,NONE,0,unattributed,False
books.publishers,PP1,SURVIVED,alignment_rowset,alignment_rowset,1,attributed,True
california_schools.ca__schools,GC1,SURVIVED,dedup_normalize,NONE,0,unattributed,False
california_schools.ca__schools,PP1,SURVIVED,alignment_rowset,alignment_rowset,1,attributed,True
california_schools.ca__schools,ME3,SURVIVED,scale_normalization,scale_normalization,1,attributed,True
california_schools.ca__schools,AB1,SURVIVED,null_zero_equivalence,null_zero_equivalence,1,attributed,True
california_schools.ca__schools,AB1R,SURVIVED,null_zero_equivalence,null_zero_equivalence,1,attributed,True
car_retails.car_retails__customers,GC1,SURVIVED,dedup_normalize,NONE,0,unattributed,False
car_retails.car_retails__customers,PP1,SURVIVED,alignment_rowset,alignment_rowset,1,attributed,True
car_retails.car_retails__employees,GC1,SURVIVED,dedup_normalize,NONE,0,unattributed,False
car_retails.car_retails__employees,PP1,SURVIVED,alignment_rowset,alignment_rowset,1,attributed,True
car_retails.car_retails__products,GC1,SURVIVED,dedup_normalize,NONE,0,unattributed,False
car_retails.car_retails__products,PP1,SURVIVED,alignment_rowset,alignment_rowset,1,attributed,True
card_games.card_games__sets,GC1,SURVIVED,dedup_normalize,NONE,0,unattributed,False
card_games.card_games__sets,PP1,SURVIVED,alignment_rowset,alignment_rowset,1,attributed,True
cars.countries,GC1,SURVIVED,dedup_normalize,NONE,0,unattributed,False
chicago_crime.community_areas,GC1,SURVIVED,dedup_normalize,NONE,0,unattributed,False
chicago_crime.community_areas,PP1,SURVIVED,alignment_rowset,alignment_rowset,1,attributed,True
chicago_crime.districts,GC1,SURVIVED,dedup_normalize,NONE,0,unattributed,False
chicago_crime.districts,PP1,SURVIVED,alignment_rowset,alignment_rowset,1,attributed,True
citeseer.citeseer_paper,GC1,SURVIVED,dedup_normalize,NONE,0,unattributed,False
citeseer.citeseer_paper,PP1,SURVIVED,alignment_rowset,alignment_rowset,1,attributed,True
codebase_comments.repository,GC1,SURVIVED,dedup_normalize,NONE,0,unattributed,False
codebase_comments.repository,PP1,SURVIVED,alignment_rowset,alignment_rowset,1,attributed,True
codebase_community.codebase_community__posts,GC1,SURVIVED,dedup_normalize,NONE,0,unattributed,False
codebase_community.codebase_community__posts,PP1,SURVIVED,alignment_rowset,alignment_rowset,1,attributed,True
codebase_community.codebase_community__posts,AB1,SURVIVED,null_zero_equivalence,null_zero_equivalence,1,attributed,True
codebase_community.codebase_community__posts,AB1R,SURVIVED,null_zero_equivalence,null_zero_equivalence,1,attributed,True
codebase_community.codebase_community__users,GC1,SURVIVED,dedup_normalize,NONE,0,unattributed,False
codebase_community.codebase_community__users,PP1,SURVIVED,alignment_rowset,alignment_rowset,1,attributed,True
coinmarketcap.coinmarket__coins,GC1,SURVIVED,dedup_normalize,NONE,0,unattributed,False
coinmarketcap.coinmarket__coins,PP1,SURVIVED,alignment_rowset,alignment_rowset,1,attributed,True
college_completion.states,GC1,SURVIVED,dedup_normalize,NONE,0,unattributed,False
college_completion.states,PP1,SURVIVED,alignment_rowset,alignment_rowset,1,attributed,True
computer_student.courses,GC1,SURVIVED,dedup_normalize,NONE,0,unattributed,False
computer_student.courses,PP1,SURVIVED,alignment_rowset,alignment_rowset,1,attributed,True
cookbook.recipes,GC1,SURVIVED,dedup_normalize,NONE,0,unattributed,False
cookbook.recipes,PP1,SURVIVED,alignment_rowset,alignment_rowset,1,attributed,True
cookbook.recipes,AB1,SURVIVED,null_zero_equivalence,null_zero_equivalence,1,attributed,True
cookbook.recipes,AB1R,SURVIVED,null_zero_equivalence,null_zero_equivalence,1,attributed,True
cs_semester.courses,GC1,SURVIVED,dedup_normalize,NONE,0,unattributed,False
cs_semester.courses,PP1,SURVIVED,alignment_rowset,alignment_rowset,1,attributed,True
cs_semester.professors,GC1,SURVIVED,dedup_normalize,NONE,0,unattributed,False
cs_semester.professors,PP1,SURVIVED,alignment_rowset,alignment_rowset,1,attributed,True
cs_semester.students,GC1,SURVIVED,dedup_normalize,NONE,0,unattributed,False
cs_semester.students,PP1,SURVIVED,alignment_rowset,alignment_rowset,1,attributed,True
disney.directors,GC1,SURVIVED,dedup_normalize,NONE,0,unattributed,False
disney.directors,PP1,SURVIVED,alignment_rowset,alignment_rowset,1,attributed,True
european_football_1.eu_foolball__divisions,GC1,SURVIVED,dedup_normalize,NONE,0,unattributed,False
european_football_1.eu_foolball__divisions,PP1,SURVIVED,alignment_rowset,alignment_rowset,1,attributed,True
european_football_2.leagues,GC1,SURVIVED,dedup_normalize,NONE,0,unattributed,False
european_football_2.leagues,PP1,SURVIVED,alignment_rowset,alignment_rowset,1,attributed,True
european_football_2.players,GC1,SURVIVED,dedup_normalize,NONE,0,unattributed,False
european_football_2.players,PP1,SURVIVED,alignment_rowset,alignment_rowset,1,attributed,True
facebook_ads.facebook_ads__account_report,GC1,SURVIVED,dedup_normalize,NONE,0,unattributed,False
facebook_ads.facebook_ads__account_report,PP1,SURVIVED,alignment_rowset,alignment_rowset,1,attributed,True
facebook_ads.facebook_ads__ad_report,GC1,SURVIVED,dedup_normalize,NONE,0,unattributed,False
facebook_ads.facebook_ads__ad_report,PP1,SURVIVED,alignment_rowset,alignment_rowset,1,attributed,True
facebook_ads.facebook_ads__ad_set_report,GC1,SURVIVED,dedup_normalize,NONE,0,unattributed,False
facebook_ads.facebook_ads__ad_set_report,PP1,SURVIVED,alignment_rowset,alignment_rowset,1,attributed,True
facebook_ads.facebook_ads__campaign_report,GC1,SURVIVED,dedup_normalize,NONE,0,unattributed,False
facebook_ads.facebook_ads__campaign_report,PP1,SURVIVED,alignment_rowset,alignment_rowset,1,attributed,True
financial.clients,GC1,SURVIVED,dedup_normalize,NONE,0,unattributed,False
financial.clients,PP1,SURVIVED,alignment_rowset,alignment_rowset,1,attributed,True
financial.districts,GC1,SURVIVED,dedup_normalize,NONE,0,unattributed,False
financial.districts,PP1,SURVIVED,alignment_rowset,alignment_rowset,1,attributed,True
food_inspection.restaurants,GC1,SURVIVED,dedup_normalize,NONE,0,unattributed,False
food_inspection.restaurants,PP1,SURVIVED,alignment_rowset,alignment_rowset,1,attributed,True
food_inspection.restaurants,ME3,SURVIVED,scale_normalization,scale_normalization,1,attributed,True
food_inspection_2.businesses,GC1,SURVIVED,dedup_normalize,NONE,0,unattributed,False
food_inspection_2.businesses,PP1,SURVIVED,alignment_rowset,alignment_rowset,1,attributed,True
food_inspection_2.businesses,ME3,SURVIVED,scale_normalization,scale_normalization,1,attributed,True
food_inspection_2.employees,GC1,SURVIVED,dedup_normalize,NONE,0,unattributed,False
food_inspection_2.employees,PP1,SURVIVED,alignment_rowset,alignment_rowset,1,attributed,True
food_inspection_2.employees,ME3,SURVIVED,scale_normalization,scale_normalization,1,attributed,True
formula_1.formula__drivers,GC1,SURVIVED,dedup_normalize,NONE,0,unattributed,False
formula_1.formula__drivers,PP1,SURVIVED,alignment_rowset,alignment_rowset,1,attributed,True
genes.genes__genes,GC1,SURVIVED,dedup_normalize,NONE,0,unattributed,False
genes.genes__genes,PP1,SURVIVED,alignment_rowset,alignment_rowset,1,attributed,True
github.github__daily_metrics,GC1,SURVIVED,dedup_normalize,NONE,0,unattributed,False
github.github__daily_metrics,PP1,SURVIVED,alignment_rowset,alignment_rowset,1,attributed,True
github.github__issues,GC1,SURVIVED,dedup_normalize,NONE,0,unattributed,False
github.github__issues,PP1,SURVIVED,alignment_rowset,alignment_rowset,1,attributed,True
github.github__monthly_metrics,GC1,SURVIVED,dedup_normalize,dedup_normalize,1,attributed,True
github.github__pull_requests,GC1,SURVIVED,dedup_normalize,NONE,0,unattributed,False
github.github__pull_requests,PP1,SURVIVED,alignment_rowset,alignment_rowset,1,attributed,True
github.github__quarterly_metrics,GC1,SURVIVED,dedup_normalize,dedup_normalize,1,attributed,True
github.github__weekly_metrics,GC1,SURVIVED,dedup_normalize,dedup_normalize,1,attributed,True
hockey.hockey__goalies,GC1,SURVIVED,dedup_normalize,NONE,0,unattributed,False
hockey.hockey__goalies,PP1,SURVIVED,alignment_rowset,alignment_rowset,1,attributed,True
hockey.hockey__teams,GC1,SURVIVED,dedup_normalize,NONE,0,unattributed,False
hockey.hockey__teams,PP1,SURVIVED,alignment_rowset,alignment_rowset,1,attributed,True
human_resources.locations,GC1,SURVIVED,dedup_normalize,NONE,0,unattributed,False
human_resources.locations,PP1,SURVIVED,alignment_rowset,alignment_rowset,1,attributed,True
human_resources.positions,GC1,SURVIVED,dedup_normalize,NONE,0,unattributed,False
ice_hockey_draft.players,GC1,SURVIVED,dedup_normalize,NONE,0,unattributed,False
ice_hockey_draft.players,PP1,SURVIVED,alignment_rowset,alignment_rowset,1,attributed,True
image_and_language.images,GC1,SURVIVED,dedup_normalize,NONE,0,unattributed,False
image_and_language.images,PP1,SURVIVED,alignment_rowset,alignment_rowset,1,attributed,True
instagram_business.instagram_business__posts,GC1,SURVIVED,dedup_normalize,NONE,0,unattributed,False
law_episode.law_episode__episode,GC1,SURVIVED,dedup_normalize,NONE,0,unattributed,False
law_episode.law_episode__episode,PP1,SURVIVED,alignment_rowset,alignment_rowset,1,attributed,True
law_episode.law_episode__episode,ME3,SURVIVED,scale_normalization,scale_normalization,1,attributed,True
law_episode.law_episode__person,GC1,SURVIVED,dedup_normalize,NONE,0,unattributed,False
law_episode.law_episode__person,PP1,SURVIVED,alignment_rowset,alignment_rowset,1,attributed,True
legislator.current_legislators,GC1,SURVIVED,dedup_normalize,NONE,0,unattributed,False
legislator.current_legislators,PP1,SURVIVED,alignment_rowset,alignment_rowset,1,attributed,True
lever.lever__posting_enhanced,GC1,SURVIVED,dedup_normalize,NONE,0,unattributed,False
lever.lever__requisition_enhanced,GC1,SURVIVED,dedup_normalize,NONE,0,unattributed,False
linkedin.linkedin_ads__account_report,GC1,SURVIVED,dedup_normalize,NONE,0,unattributed,False
linkedin.linkedin_ads__account_report,PP1,SURVIVED,alignment_rowset,alignment_rowset,1,attributed,True
linkedin.linkedin_ads__campaign_group_report,GC1,SURVIVED,dedup_normalize,NONE,0,unattributed,False
linkedin.linkedin_ads__campaign_group_report,PP1,SURVIVED,alignment_rowset,alignment_rowset,1,attributed,True
linkedin.linkedin_ads__campaign_report,GC1,SURVIVED,dedup_normalize,NONE,0,unattributed,False
linkedin.linkedin_ads__campaign_report,PP1,SURVIVED,alignment_rowset,alignment_rowset,1,attributed,True
mailchimp.mailchimp__automation_activities,GC1,SURVIVED,dedup_normalize,dedup_normalize,1,attributed,True
mailchimp.mailchimp__automation_emails,GC1,SURVIVED,dedup_normalize,NONE,0,unattributed,False
mailchimp.mailchimp__automations,GC1,SURVIVED,dedup_normalize,NONE,0,unattributed,False
mailchimp.mailchimp__campaign_activities,GC1,SURVIVED,dedup_normalize,NONE,0,unattributed,False
mailchimp.mailchimp__campaign_activities,PP1,SURVIVED,alignment_rowset,alignment_rowset,1,attributed,True
mailchimp.mailchimp__campaign_recipients,GC1,SURVIVED,dedup_normalize,NONE,0,unattributed,False
mailchimp.mailchimp__campaign_recipients,PP1,SURVIVED,alignment_rowset,alignment_rowset,1,attributed,True
mailchimp.mailchimp__campaign_recipients,AB1,SURVIVED,null_zero_equivalence,null_zero_equivalence,1,attributed,True
mailchimp.mailchimp__campaign_recipients,AB1R,SURVIVED,null_zero_equivalence,null_zero_equivalence,1,attributed,True
mailchimp.mailchimp__lists,GC1,SURVIVED,dedup_normalize,NONE,0,unattributed,False
mailchimp.mailchimp__members,GC1,SURVIVED,dedup_normalize,NONE,0,unattributed,False
mailchimp.mailchimp__members,PP1,SURVIVED,alignment_rowset,alignment_rowset,1,attributed,True
marketo.marketo__campaigns,GC1,SURVIVED,dedup_normalize,NONE,0,unattributed,False
marketo.marketo__campaigns,PP1,SURVIVED,alignment_rowset,alignment_rowset,1,attributed,True
marketo.marketo__email_sends,GC1,SURVIVED,dedup_normalize,NONE,0,unattributed,False
marketo.marketo__email_sends,PP1,SURVIVED,alignment_rowset,alignment_rowset,1,attributed,True
marketo.marketo__email_templates,GC1,SURVIVED,dedup_normalize,NONE,0,unattributed,False
marketo.marketo__email_templates,PP1,SURVIVED,alignment_rowset,alignment_rowset,1,attributed,True
marketo.marketo__programs,GC1,SURVIVED,dedup_normalize,NONE,0,unattributed,False
marketo.marketo__programs,PP1,SURVIVED,alignment_rowset,alignment_rowset,1,attributed,True
mental_health_survey.surveys,GC1,SURVIVED,dedup_normalize,NONE,0,unattributed,False
mental_health_survey.surveys,PP1,SURVIVED,alignment_rowset,alignment_rowset,1,attributed,True
menu.menus,GC1,SURVIVED,dedup_normalize,NONE,0,unattributed,False
menu.menus,PP1,SURVIVED,alignment_rowset,alignment_rowset,1,attributed,True
microsoft_ads.microsoft_ads__account_report,GC1,SURVIVED,dedup_normalize,NONE,0,unattributed,False
microsoft_ads.microsoft_ads__account_report,PP1,SURVIVED,alignment_rowset,alignment_rowset,1,attributed,True
microsoft_ads.microsoft_ads__ad_group_report,GC1,SURVIVED,dedup_normalize,dedup_normalize,1,attributed,True
microsoft_ads.microsoft_ads__ad_report,GC1,SURVIVED,dedup_normalize,dedup_normalize,1,attributed,True
microsoft_ads.microsoft_ads__campaign_report,GC1,SURVIVED,dedup_normalize,dedup_normalize,1,attributed,True
microsoft_ads.microsoft_ads__keyword_report,GC1,SURVIVED,dedup_normalize,NONE,0,unattributed,False
microsoft_ads.microsoft_ads__keyword_report,PP1,SURVIVED,alignment_rowset,alignment_rowset,1,attributed,True
microsoft_ads.microsoft_ads__search_report,GC1,SURVIVED,dedup_normalize,NONE,0,unattributed,False
microsoft_ads.microsoft_ads__search_report,PP1,SURVIVED,alignment_rowset,alignment_rowset,1,attributed,True
microsoft_ads.microsoft_ads__url_report,GC1,SURVIVED,dedup_normalize,dedup_normalize,1,attributed,True
mondial_geo.countries,GC1,SURVIVED,dedup_normalize,NONE,0,unattributed,False
mondial_geo.countries,PP1,SURVIVED,alignment_rowset,alignment_rowset,1,attributed,True
movie.actors,GC1,SURVIVED,dedup_normalize,NONE,0,unattributed,False
movie.actors,PP1,SURVIVED,alignment_rowset,alignment_rowset,1,attributed,True
movie.movie,GC1,SURVIVED,dedup_normalize,NONE,0,unattributed,False
movie.movie,PP1,SURVIVED,alignment_rowset,alignment_rowset,1,attributed,True
movie_3.customers,GC1,SURVIVED,dedup_normalize,NONE,0,unattributed,False
movie_3.customers,PP1,SURVIVED,alignment_rowset,alignment_rowset,1,attributed,True
movie_3.films,GC1,SURVIVED,dedup_normalize,NONE,0,unattributed,False
movie_3.films,PP1,SURVIVED,alignment_rowset,alignment_rowset,1,attributed,True
movielens.movielens__actors,GC1,SURVIVED,dedup_normalize,NONE,0,unattributed,False
movielens.movielens__actors,PP1,SURVIVED,alignment_rowset,alignment_rowset,1,attributed,True
movielens.movielens__directors,GC1,SURVIVED,dedup_normalize,NONE,0,unattributed,False
movielens.movielens__directors,PP1,SURVIVED,alignment_rowset,alignment_rowset,1,attributed,True
movielens.movielens__movies,GC1,SURVIVED,dedup_normalize,NONE,0,unattributed,False
movielens.movielens__movies,PP1,SURVIVED,alignment_rowset,alignment_rowset,1,attributed,True
movies_4.movies4__movies,GC1,SURVIVED,dedup_normalize,NONE,0,unattributed,False
movies_4.movies4__movies,PP1,SURVIVED,alignment_rowset,alignment_rowset,1,attributed,True
movies_4.movies4__movies,AB1,SURVIVED,null_zero_equivalence,null_zero_equivalence,1,attributed,True
movies_4.movies4__movies,AB1R,SURVIVED,null_zero_equivalence,null_zero_equivalence,1,attributed,True
movies_4.movies4__person,GC1,SURVIVED,dedup_normalize,NONE,0,unattributed,False
movies_4.movies4__person,PP1,SURVIVED,alignment_rowset,alignment_rowset,1,attributed,True
movies_4.movies4__production_company,GC1,SURVIVED,dedup_normalize,NONE,0,unattributed,False
movies_4.movies4__production_company,PP1,SURVIVED,alignment_rowset,alignment_rowset,1,attributed,True
music_platform_2.music_platform__categories,GC1,SURVIVED,dedup_normalize,NONE,0,unattributed,False
music_platform_2.music_platform__categories,PP1,SURVIVED,alignment_rowset,alignment_rowset,1,attributed,True
music_tracker.music_tracker__tags,GC1,SURVIVED,dedup_normalize,NONE,0,unattributed,False
music_tracker.music_tracker__tags,PP1,SURVIVED,alignment_rowset,alignment_rowset,1,attributed,True
pardot.pardot__campaigns,GC1,SURVIVED,dedup_normalize,NONE,0,unattributed,False
pardot.pardot__campaigns,PP1,SURVIVED,alignment_rowset,alignment_rowset,1,attributed,True
pardot.pardot__lists,GC1,SURVIVED,dedup_normalize,NONE,0,unattributed,False
pardot.pardot__lists,PP1,SURVIVED,alignment_rowset,alignment_rowset,1,attributed,True
pardot.pardot__opportunities,GC1,SURVIVED,dedup_normalize,NONE,0,unattributed,False
pardot.pardot__opportunities,PP1,SURVIVED,alignment_rowset,alignment_rowset,1,attributed,True
pardot.pardot__prospects,GC1,SURVIVED,dedup_normalize,NONE,0,unattributed,False
pardot.pardot__prospects,PP1,SURVIVED,alignment_rowset,alignment_rowset,1,attributed,True
pinterest.pinterest_ads__ad_group_report,GC1,SURVIVED,dedup_normalize,NONE,0,unattributed,False
pinterest.pinterest_ads__ad_group_report,PP1,SURVIVED,alignment_rowset,alignment_rowset,1,attributed,True
pinterest.pinterest_ads__advertiser_report,GC1,SURVIVED,dedup_normalize,NONE,0,unattributed,False
pinterest.pinterest_ads__advertiser_report,PP1,SURVIVED,alignment_rowset,alignment_rowset,1,attributed,True
pinterest.pinterest_ads__campaign_report,GC1,SURVIVED,dedup_normalize,NONE,0,unattributed,False
pinterest.pinterest_ads__campaign_report,PP1,SURVIVED,alignment_rowset,alignment_rowset,1,attributed,True
pinterest.pinterest_ads__keyword_report,GC1,SURVIVED,dedup_normalize,dedup_normalize,1,attributed,True
public_review_platform.public_review_platform__businesses,GC1,SURVIVED,dedup_normalize,NONE,0,unattributed,False
public_review_platform.public_review_platform__businesses,PP1,SURVIVED,alignment_rowset,alignment_rowset,1,attributed,True
public_review_platform.public_review_platform__users,GC1,SURVIVED,dedup_normalize,NONE,0,unattributed,False
public_review_platform.public_review_platform__users,PP1,SURVIVED,alignment_rowset,alignment_rowset,1,attributed,True
qualtrics.qualtrics__contact,GC1,SURVIVED,dedup_normalize,NONE,0,unattributed,False
qualtrics.qualtrics__contact,PP1,SURVIVED,alignment_rowset,alignment_rowset,1,attributed,True
qualtrics.qualtrics__distribution,GC1,SURVIVED,dedup_normalize,NONE,0,unattributed,False
qualtrics.qualtrics__distribution,PP1,SURVIVED,alignment_rowset,alignment_rowset,1,attributed,True
qualtrics.qualtrics__survey,GC1,SURVIVED,dedup_normalize,NONE,0,unattributed,False
qualtrics.qualtrics__survey,PP1,SURVIVED,alignment_rowset,alignment_rowset,1,attributed,True
regional_sales.regional_sales__customers,GC1,SURVIVED,dedup_normalize,NONE,0,unattributed,False
regional_sales.regional_sales__customers,PP1,SURVIVED,alignment_rowset,alignment_rowset,1,attributed,True
regional_sales.regional_sales__products,GC1,SURVIVED,dedup_normalize,NONE,0,unattributed,False
regional_sales.regional_sales__products,PP1,SURVIVED,alignment_rowset,alignment_rowset,1,attributed,True
restaurant.cities,GC1,SURVIVED,dedup_normalize,NONE,0,unattributed,False
restaurant.cities,PP1,SURVIVED,alignment_rowset,alignment_rowset,1,attributed,True
retail_complains.Clients,GC1,SURVIVED,dedup_normalize,NONE,0,unattributed,False
retail_complains.Clients,PP1,SURVIVED,alignment_rowset,alignment_rowset,1,attributed,True
sales.sales__customers,GC1,SURVIVED,dedup_normalize,NONE,0,unattributed,False
sales.sales__customers,PP1,SURVIVED,alignment_rowset,alignment_rowset,1,attributed,True
sales.sales__employees,GC1,SURVIVED,dedup_normalize,NONE,0,unattributed,False
sales.sales__employees,PP1,SURVIVED,alignment_rowset,alignment_rowset,1,attributed,True
sales.sales__products,GC1,SURVIVED,dedup_normalize,NONE,0,unattributed,False
sales.sales__products,PP1,SURVIVED,alignment_rowset,alignment_rowset,1,attributed,True
sales.sales__products,ME3,SURVIVED,scale_normalization,scale_normalization,1,attributed,True
sales_in_weather.stations,GC1,SURVIVED,dedup_normalize,NONE,0,unattributed,False
sales_in_weather.stations,PP1,SURVIVED,alignment_rowset,alignment_rowset,1,attributed,True
sales_in_weather.stores,GC1,SURVIVED,dedup_normalize,NONE,0,unattributed,False
sales_in_weather.stores,PP1,SURVIVED,alignment_rowset,alignment_rowset,1,attributed,True
shakespeare.shakespeare__works,GC1,SURVIVED,dedup_normalize,NONE,0,unattributed,False
shakespeare.shakespeare__works,PP1,SURVIVED,alignment_rowset,alignment_rowset,1,attributed,True
shipping.drivers,GC1,SURVIVED,dedup_normalize,NONE,0,unattributed,False
shipping.drivers,PP1,SURVIVED,alignment_rowset,alignment_rowset,1,attributed,True
shipping.trucks,GC1,SURVIVED,dedup_normalize,NONE,0,unattributed,False
shipping.trucks,PP1,SURVIVED,alignment_rowset,alignment_rowset,1,attributed,True
simpson_episodes.simpson_episodes__episode,GC1,SURVIVED,dedup_normalize,NONE,0,unattributed,False
simpson_episodes.simpson_episodes__episode,PP1,SURVIVED,alignment_rowset,alignment_rowset,1,attributed,True
soccer_2016.teams,GC1,SURVIVED,dedup_normalize,NONE,0,unattributed,False
soccer_2016.teams,PP1,SURVIVED,alignment_rowset,alignment_rowset,1,attributed,True
soccer_2016.teams,ME3,SURVIVED,scale_normalization,scale_normalization,1,attributed,True
social_media.countries,GC1,SURVIVED,dedup_normalize,NONE,0,unattributed,False
social_media.countries,PP1,SURVIVED,alignment_rowset,alignment_rowset,1,attributed,True
software_company.geo,GC1,SURVIVED,dedup_normalize,NONE,0,unattributed,False
software_company.geo,PP1,SURVIVED,alignment_rowset,alignment_rowset,1,attributed,True
software_company.geo,AB1,SURVIVED,null_zero_equivalence,null_zero_equivalence,1,attributed,True
software_company.geo,AB1R,SURVIVED,null_zero_equivalence,null_zero_equivalence,1,attributed,True
student_club.events,GC1,SURVIVED,dedup_normalize,NONE,0,unattributed,False
student_club.events,PP1,SURVIVED,alignment_rowset,alignment_rowset,1,attributed,True
student_club.members,GC1,SURVIVED,dedup_normalize,NONE,0,unattributed,False
student_club.members,PP1,SURVIVED,alignment_rowset,alignment_rowset,1,attributed,True
student_loan.organization,GC1,SURVIVED,dedup_normalize,NONE,0,unattributed,False
student_loan.organization,PP1,SURVIVED,alignment_rowset,alignment_rowset,1,attributed,True
student_loan.schools,GC1,SURVIVED,dedup_normalize,NONE,0,unattributed,False
student_loan.schools,PP1,SURVIVED,alignment_rowset,alignment_rowset,1,attributed,True
student_loan.students,GC1,SURVIVED,dedup_normalize,NONE,0,unattributed,False
student_loan.students,PP1,SURVIVED,alignment_rowset,alignment_rowset,1,attributed,True
superhero.superheroes,GC1,SURVIVED,dedup_normalize,NONE,0,unattributed,False
superhero.superheroes,PP1,SURVIVED,alignment_rowset,alignment_rowset,1,attributed,True
superstore.customers,GC1,SURVIVED,dedup_normalize,NONE,0,unattributed,False
superstore.customers,PP1,SURVIVED,alignment_rowset,alignment_rowset,1,attributed,True
superstore.products,GC1,SURVIVED,dedup_normalize,NONE,0,unattributed,False
superstore.products,PP1,SURVIVED,alignment_rowset,alignment_rowset,1,attributed,True
synthea.synthea__patients,GC1,SURVIVED,dedup_normalize,NONE,0,unattributed,False
synthea.synthea__patients,PP1,SURVIVED,alignment_rowset,alignment_rowset,1,attributed,True
talkingdata.labels,GC1,SURVIVED,dedup_normalize,NONE,0,unattributed,False
talkingdata.labels,PP1,SURVIVED,alignment_rowset,alignment_rowset,1,attributed,True
tiktok_ads.tiktok_ads__ad_group_report,GC1,SURVIVED,dedup_normalize,NONE,0,unattributed,False
tiktok_ads.tiktok_ads__ad_report,GC1,SURVIVED,dedup_normalize,NONE,0,unattributed,False
tiktok_ads.tiktok_ads__advertiser_report,GC1,SURVIVED,dedup_normalize,NONE,0,unattributed,False
tiktok_ads.tiktok_ads__campaign_report,GC1,SURVIVED,dedup_normalize,NONE,0,unattributed,False
toxicology.molecules,GC1,SURVIVED,dedup_normalize,NONE,0,unattributed,False
toxicology.molecules,PP1,SURVIVED,alignment_rowset,alignment_rowset,1,attributed,True
toxicology.molecules,ME3,SURVIVED,scale_normalization,scale_normalization,1,attributed,True
trains.trains,GC1,SURVIVED,dedup_normalize,NONE,0,unattributed,False
trains.trains,PP1,SURVIVED,alignment_rowset,alignment_rowset,1,attributed,True
twitter_organic.twitter_organic__tweets,GC1,SURVIVED,dedup_normalize,NONE,0,unattributed,False
twitter_organic.twitter_organic__tweets,PP1,SURVIVED,alignment_rowset,alignment_rowset,1,attributed,True
university.countries,GC1,SURVIVED,dedup_normalize,NONE,0,unattributed,False
university.countries,PP1,SURVIVED,alignment_rowset,alignment_rowset,1,attributed,True
university.universities,GC1,SURVIVED,dedup_normalize,NONE,0,unattributed,False
university.universities,PP1,SURVIVED,alignment_rowset,alignment_rowset,1,attributed,True
video_games.publishers,GC1,SURVIVED,dedup_normalize,NONE,0,unattributed,False
video_games.publishers,PP1,SURVIVED,alignment_rowset,alignment_rowset,1,attributed,True
workday.workday__employee_overview,GC1,SURVIVED,dedup_normalize,dedup_normalize,1,attributed,True
workday.workday__employee_overview,PP1,SURVIVED,alignment_rowset,dedup_normalize,1,attributed,False
workday.workday__job_overview,GC1,SURVIVED,dedup_normalize,NONE,0,unattributed,False
workday.workday__job_overview,PP1,SURVIVED,alignment_rowset,alignment_rowset,1,attributed,True
workday.workday__organization_overview,GC1,SURVIVED,dedup_normalize,NONE,0,unattributed,False
workday.workday__organization_overview,PP1,SURVIVED,alignment_rowset,alignment_rowset,1,attributed,True
workday.workday__position_overview,GC1,SURVIVED,dedup_normalize,NONE,0,unattributed,False
workday.workday__position_overview,PP1,SURVIVED,alignment_rowset,alignment_rowset,1,attributed,True
works_cycles.products,GC1,SURVIVED,dedup_normalize,NONE,0,unattributed,False
works_cycles.products,PP1,SURVIVED,alignment_rowset,alignment_rowset,1,attributed,True
world.countries,GC1,SURVIVED,dedup_normalize,NONE,0,unattributed,False
world.countries,PP1,SURVIVED,alignment_rowset,alignment_rowset,1,attributed,True
world_development_indicators.countries,GC1,SURVIVED,dedup_normalize,NONE,0,unattributed,False
world_development_indicators.countries,PP1,SURVIVED,alignment_rowset,alignment_rowset,1,attributed,True
world_development_indicators.countries,AB1,SURVIVED,null_zero_equivalence,null_zero_equivalence,1,attributed,True
world_development_indicators.countries,AB1R,SURVIVED,null_zero_equivalence,null_zero_equivalence,1,attributed,True
xero.xero__general_ledger,GC1,SURVIVED,dedup_normalize,NONE,0,unattributed,False
xero.xero__general_ledger,PP1,SURVIVED,alignment_rowset,alignment_rowset,1,attributed,True
xero.xero__invoice_line_items,GC1,SURVIVED,dedup_normalize,NONE,0,unattributed,False
xero.xero__invoice_line_items,PP1,SURVIVED,alignment_rowset,alignment_rowset,1,attributed,True
xero.xero__invoice_line_items,ME3,SURVIVED,scale_normalization,scale_normalization,1,attributed,True
xero.xero__invoice_line_items,AB1,SURVIVED,null_zero_equivalence,null_zero_equivalence,1,attributed,True
xero.xero__invoice_line_items,AB1R,SURVIVED,null_zero_equivalence,null_zero_equivalence,1,attributed,True
youtube_analytics.youtube__age_demographics_pivot,GC1,SURVIVED,dedup_normalize,NONE,0,unattributed,False
youtube_analytics.youtube__demographics_report,GC1,SURVIVED,dedup_normalize,dedup_normalize,1,attributed,True
youtube_analytics.youtube__video_report,GC1,SURVIVED,dedup_normalize,NONE,0,unattributed,False
youtube_analytics.youtube__video_report,PP1,SURVIVED,alignment_rowset,alignment_rowset,1,attributed,True
